epoch,time,train/box_loss,train/cls_loss,train/dfl_loss,metrics/precision(B),metrics/recall(B),metrics/mAP50(B),metrics/mAP50-95(B),val/box_loss,val/cls_loss,val/dfl_loss,lr/pg0,lr/pg1,lr/pg2
1,316.82,3.33358,5.40037,4.224,0,0,0,0,2.98415,5.49668,4.16308,0.00328125,0.00328125,0.00328125
2,631.819,3.34083,5.38507,4.20188,0,0,0,0,2.98029,5.48511,4.13867,0.00657093,0.00657093,0.00657093
3,1078.98,3.23305,4.7398,3.82742,0.12993,0.01083,0.00217,0.00069,3.38437,1275.96,11.913,0.0098166,0.0098166,0.0098166
4,1473.95,2.55753,3.76731,2.90645,0.11761,0.066,0.00295,0.00108,2.88261,65.9998,3.63963,0.009802,0.009802,0.009802
5,1859.61,2.14978,3.23792,2.53444,0.34612,0.13064,0.05183,0.02254,2.18544,12.5201,2.76727,0.009736,0.009736,0.009736
6,2244.74,1.93063,2.88619,2.32368,0.29972,0.13255,0.07237,0.03578,1.93045,9.13269,2.56321,0.00967,0.00967,0.00967
7,2629.64,1.79138,2.66022,2.17502,0.3318,0.12494,0.09699,0.04884,1.74085,5.24795,2.33818,0.009604,0.009604,0.009604
8,3014.1,1.71521,2.45053,2.06221,0.34736,0.15474,0.12777,0.06609,1.67809,3.7578,2.25127,0.009538,0.009538,0.009538
9,3398.29,1.67054,2.34162,2.02403,0.39955,0.1287,0.13903,0.07269,1.65036,3.81171,2.19929,0.009472,0.009472,0.009472
10,3781.98,1.58195,2.17451,1.9633,0.42464,0.18919,0.16712,0.0946,1.48897,2.40874,2.02598,0.009406,0.009406,0.009406
11,4166.79,1.56205,2.1222,1.91311,0.40637,0.23199,0.18699,0.10771,1.43403,2.14613,1.97679,0.00934,0.00934,0.00934
12,4551.02,1.50942,2.07589,1.89012,0.53572,0.21202,0.20129,0.11852,1.42899,2.28416,1.96272,0.009274,0.009274,0.009274
13,4934.89,1.50972,2.01149,1.8683,0.59256,0.21841,0.21509,0.1252,1.41879,2.07167,1.94065,0.009208,0.009208,0.009208
14,5318.55,1.45446,1.86899,1.7982,0.38191,0.23567,0.20817,0.12517,1.439,2.20384,1.97628,0.009142,0.009142,0.009142
15,5702.2,1.46119,1.87382,1.81099,0.64475,0.23122,0.23077,0.14089,1.32582,1.88722,1.84584,0.009076,0.009076,0.009076
16,6086.46,1.40382,1.82131,1.75729,0.45141,0.25714,0.22068,0.13371,1.30564,2.1353,1.84051,0.00901,0.00901,0.00901
17,6470.48,1.38711,1.79302,1.76128,0.57843,0.24508,0.25048,0.1555,1.27928,1.75479,1.78848,0.008944,0.008944,0.008944
18,6854.15,1.36885,1.6961,1.73031,0.63081,0.24241,0.23925,0.15048,1.2476,1.78373,1.74431,0.008878,0.008878,0.008878
19,7237.55,1.33501,1.68655,1.72559,0.60412,0.25819,0.25834,0.16453,1.29024,1.75205,1.79399,0.008812,0.008812,0.008812
20,7621.48,1.33222,1.64656,1.71793,0.46643,0.25555,0.25258,0.16405,1.24163,1.82428,1.75196,0.008746,0.008746,0.008746
21,8005.12,1.31841,1.62515,1.68865,0.51975,0.28244,0.25631,0.16644,1.21561,1.72747,1.73364,0.00868,0.00868,0.00868
22,8388.71,1.27714,1.55782,1.65202,0.50513,0.31834,0.27657,0.17862,1.20633,1.63391,1.70461,0.008614,0.008614,0.008614
23,8772.39,1.27797,1.57223,1.65463,0.64608,0.26405,0.27949,0.18395,1.14543,1.58965,1.63645,0.008548,0.008548,0.008548
24,9155.89,1.27748,1.54808,1.63704,0.47368,0.30736,0.28182,0.18618,1.1497,1.58515,1.64198,0.008482,0.008482,0.008482
25,9539.64,1.25515,1.51372,1.63965,0.71909,0.26312,0.29643,0.19054,1.17284,1.5511,1.66515,0.008416,0.008416,0.008416
26,9923.22,1.24746,1.5091,1.64033,0.67389,0.26185,0.28756,0.18977,1.14647,1.54226,1.65016,0.00835,0.00835,0.00835
27,10306.5,1.23388,1.48827,1.62763,0.66609,0.27673,0.29017,0.19266,1.12334,1.46892,1.61999,0.008284,0.008284,0.008284
28,10687.4,1.25421,1.52668,1.65147,0.50025,0.33972,0.29848,0.19822,1.10225,1.41492,1.56511,0.008218,0.008218,0.008218
29,10933.4,1.19236,1.44617,1.59677,0.52955,0.33138,0.32972,0.22249,1.07609,1.40447,1.5641,0.008152,0.008152,0.008152
30,11167.4,1.21974,1.4672,1.59978,0.51838,0.34103,0.31388,0.21335,1.07741,1.37394,1.56827,0.008086,0.008086,0.008086
31,11400.1,1.18113,1.44714,1.59281,0.65892,0.30594,0.32102,0.21861,1.07125,1.34229,1.57589,0.00802,0.00802,0.00802
32,11639,1.18628,1.38139,1.55837,0.56118,0.34224,0.3224,0.2178,1.07014,1.31631,1.54588,0.007954,0.007954,0.007954
33,11890.4,1.16901,1.35097,1.55175,0.70901,0.27456,0.3248,0.21769,1.0763,1.36014,1.56474,0.007888,0.007888,0.007888
34,12125.8,1.16452,1.40247,1.55062,0.56791,0.33392,0.3409,0.23491,1.04139,1.29724,1.52743,0.007822,0.007822,0.007822
35,12358.9,1.13484,1.3748,1.55016,0.4926,0.35514,0.38106,0.26053,1.07909,1.31933,1.55616,0.007756,0.007756,0.007756
36,12598,1.15001,1.33952,1.52553,0.51315,0.36129,0.38848,0.26491,1.02807,1.34667,1.5211,0.00769,0.00769,0.00769
37,12851.1,1.14414,1.30215,1.54887,0.69083,0.29536,0.35346,0.24338,1.03938,1.26927,1.52153,0.007624,0.007624,0.007624
38,13089,1.11743,1.29211,1.49235,0.5581,0.35333,0.35579,0.24138,1.04137,1.25859,1.52216,0.007558,0.007558,0.007558
39,13321.9,1.14671,1.3086,1.54,0.62151,0.3328,0.39244,0.26297,1.01813,1.22177,1.51198,0.007492,0.007492,0.007492
40,13561.4,1.11347,1.25828,1.5078,0.51658,0.38973,0.37559,0.25795,0.99303,1.25021,1.47717,0.007426,0.007426,0.007426
41,13814.5,1.10711,1.24604,1.49815,0.67605,0.31181,0.35905,0.24697,0.99077,1.20034,1.47336,0.00736,0.00736,0.00736
42,14057.7,1.09,1.28843,1.50122,0.62578,0.31785,0.3626,0.25359,0.99862,1.16956,1.48371,0.007294,0.007294,0.007294
43,14290.6,1.09807,1.2712,1.5049,0.54252,0.36885,0.3996,0.28167,0.97157,1.22648,1.45721,0.007228,0.007228,0.007228
44,14527.3,1.0989,1.22358,1.49385,0.55151,0.37919,0.36697,0.25534,0.96575,1.14036,1.44734,0.007162,0.007162,0.007162
45,14773.6,1.09252,1.25101,1.48683,0.62178,0.34554,0.38601,0.26777,0.97,1.19614,1.45788,0.007096,0.007096,0.007096
46,15018.3,1.08122,1.23616,1.49802,0.54299,0.37735,0.41673,0.29197,0.98075,1.15044,1.46422,0.00703,0.00703,0.00703
47,15252.7,1.0571,1.19326,1.4557,0.61396,0.35802,0.38619,0.26963,0.96285,1.16435,1.44657,0.006964,0.006964,0.006964
48,15485.3,1.08296,1.25157,1.49955,0.65408,0.33332,0.41243,0.28976,0.95524,1.1221,1.43881,0.006898,0.006898,0.006898
49,15728.9,1.076,1.23785,1.48857,0.64709,0.35631,0.42024,0.30188,0.94028,1.10046,1.42894,0.006832,0.006832,0.006832
50,15976.7,1.054,1.14863,1.44589,0.57749,0.38624,0.38678,0.26986,0.93912,1.11724,1.42833,0.006766,0.006766,0.006766
51,16213,1.08802,1.1966,1.49358,0.73336,0.32077,0.42585,0.3006,0.94054,1.10391,1.425,0.0067,0.0067,0.0067
52,16445.8,1.07559,1.18305,1.44808,0.58717,0.38012,0.43768,0.30961,0.90927,1.07605,1.40242,0.006634,0.006634,0.006634
53,16681.7,1.05953,1.19542,1.46089,0.58206,0.38079,0.39374,0.2755,0.92994,1.08757,1.41982,0.006568,0.006568,0.006568
54,16926,1.06023,1.16648,1.44906,0.59247,0.37869,0.4159,0.29171,0.95101,1.07204,1.44278,0.006502,0.006502,0.006502
55,17164.4,1.03994,1.14282,1.44296,0.59347,0.38002,0.38427,0.2729,0.91155,1.06298,1.39253,0.006436,0.006436,0.006436
56,17399.2,1.01939,1.10955,1.43026,0.66661,0.35453,0.40952,0.29278,0.9,1.06023,1.37934,0.00637,0.00637,0.00637
57,17632.4,1.02853,1.12126,1.43974,0.60328,0.39553,0.45327,0.32587,0.91879,1.04892,1.40443,0.006304,0.006304,0.006304
58,17874.4,1.01053,1.0972,1.42614,0.64892,0.35728,0.4269,0.30553,0.9035,1.02373,1.38881,0.006238,0.006238,0.006238
59,18110.5,1.02887,1.14464,1.46359,0.60606,0.39291,0.45069,0.32126,0.88897,1.03497,1.36641,0.006172,0.006172,0.006172
60,18342.9,1.0115,1.09065,1.41092,0.61435,0.41007,0.43968,0.31157,0.90693,1.01883,1.39045,0.006106,0.006106,0.006106
61,18575.9,1.00846,1.10316,1.4249,0.61798,0.37933,0.42129,0.3014,0.88194,1.00588,1.36604,0.00604,0.00604,0.00604
62,18817.9,1.04175,1.09423,1.43192,0.64916,0.3811,0.40253,0.28756,0.88026,1.00073,1.36941,0.005974,0.005974,0.005974
63,19057.2,1.01527,1.07416,1.40916,0.65716,0.35248,0.4138,0.29635,0.87063,0.99235,1.35983,0.005908,0.005908,0.005908
64,19290,0.99667,1.07993,1.41739,0.62262,0.38949,0.42619,0.30644,0.87923,0.99222,1.3599,0.005842,0.005842,0.005842
65,19522.8,0.97843,1.01405,1.38573,0.63777,0.40151,0.45871,0.32519,0.87403,0.97528,1.35062,0.005776,0.005776,0.005776
66,19761.2,1.00721,1.0501,1.40646,0.62191,0.4032,0.43746,0.31224,0.86385,0.96897,1.34601,0.00571,0.00571,0.00571
67,20001,1.01382,1.0639,1.39787,0.65581,0.37196,0.40789,0.29262,0.84923,0.96852,1.33885,0.005644,0.005644,0.005644
68,20234.6,0.9826,1.05214,1.38438,0.63662,0.39362,0.46058,0.3318,0.85959,0.95344,1.3377,0.005578,0.005578,0.005578
69,20467.7,1.01972,1.048,1.40919,0.64541,0.39444,0.41435,0.2983,0.84157,0.94049,1.32826,0.005512,0.005512,0.005512
70,20702.9,0.98149,1.04736,1.41159,0.64888,0.38508,0.4274,0.30627,0.86127,0.96357,1.3507,0.005446,0.005446,0.005446
71,20943.8,0.99167,1.0519,1.40207,0.63926,0.40558,0.43917,0.31811,0.84355,0.92957,1.3295,0.00538,0.00538,0.00538
72,21179.3,0.98056,1.0507,1.3946,0.67947,0.37385,0.43411,0.31242,0.84568,0.92505,1.32275,0.005314,0.005314,0.005314
73,21411.8,0.97884,1.03554,1.39576,0.63386,0.39708,0.47458,0.35259,0.84229,0.93169,1.32577,0.005248,0.005248,0.005248
74,21645.3,0.94712,1.02788,1.38575,0.5996,0.42987,0.46211,0.3362,0.84608,0.92368,1.32343,0.005182,0.005182,0.005182
75,21885.9,0.96592,1.00993,1.38167,0.63533,0.39999,0.43558,0.31434,0.83049,0.92318,1.31256,0.005116,0.005116,0.005116
76,22121.1,0.96676,1.02126,1.37215,0.59959,0.41963,0.42957,0.3092,0.83166,0.9136,1.31261,0.00505,0.00505,0.00505
77,22354.1,0.9599,1.00517,1.37526,0.7111,0.36533,0.43471,0.31344,0.82764,0.89971,1.30618,0.004984,0.004984,0.004984
78,22587.1,0.95803,0.99735,1.37462,0.64901,0.41694,0.44934,0.32538,0.82561,0.89568,1.30016,0.004918,0.004918,0.004918
79,22827.8,0.92735,0.99361,1.35109,0.64006,0.40648,0.46083,0.33721,0.82325,0.88595,1.30498,0.004852,0.004852,0.004852
80,23063.3,0.95809,0.98953,1.37888,0.61942,0.41955,0.45175,0.3272,0.82297,0.88526,1.30234,0.004786,0.004786,0.004786
81,23295.8,0.95208,0.96685,1.37399,0.6405,0.41192,0.45379,0.32903,0.81806,0.89054,1.30037,0.00472,0.00472,0.00472
82,23528.8,0.95918,0.97921,1.36708,0.69877,0.37794,0.46442,0.33688,0.81052,0.87854,1.29456,0.004654,0.004654,0.004654
83,23765.3,0.9241,0.96609,1.35765,0.59826,0.44968,0.45631,0.33316,0.80637,0.87119,1.28957,0.004588,0.004588,0.004588
84,23999.7,0.93608,0.93629,1.33697,0.66667,0.41831,0.45629,0.33306,0.80417,0.86671,1.28285,0.004522,0.004522,0.004522
85,24232.8,0.93107,0.95435,1.35191,0.65446,0.43152,0.45644,0.33341,0.80358,0.86056,1.28604,0.004456,0.004456,0.004456
86,24465.6,0.91169,0.93686,1.34707,0.57986,0.43924,0.45568,0.33345,0.79302,0.84891,1.277,0.00439,0.00439,0.00439
87,24700.4,0.92006,0.92181,1.34838,0.66198,0.42414,0.44822,0.326,0.79559,0.83834,1.27944,0.004324,0.004324,0.004324
88,24934.8,0.93419,0.95872,1.35447,0.66222,0.42368,0.49602,0.35927,0.79763,0.84745,1.27786,0.004258,0.004258,0.004258
89,25168.7,0.93037,0.95857,1.35143,0.66433,0.40672,0.4972,0.36715,0.79517,0.84746,1.28065,0.004192,0.004192,0.004192
90,25402.5,0.92934,0.95042,1.33723,0.63524,0.43472,0.45063,0.33117,0.78451,0.83797,1.27225,0.004126,0.004126,0.004126
91,25636.9,0.89971,0.946,1.34097,0.64027,0.41672,0.45462,0.33184,0.78114,0.82648,1.26998,0.00406,0.00406,0.00406
92,25871.1,0.94014,0.96685,1.3516,0.60469,0.45842,0.45661,0.33316,0.77902,0.82927,1.26282,0.003994,0.003994,0.003994
93,26104.7,0.90637,0.9189,1.33201,0.61217,0.44417,0.4524,0.33055,0.77848,0.83099,1.26444,0.003928,0.003928,0.003928
94,26341.4,0.93485,0.92891,1.33437,0.64639,0.42587,0.49911,0.3695,0.77145,0.81776,1.25318,0.003862,0.003862,0.003862
95,26574.6,0.87932,0.9215,1.31511,0.66945,0.43,0.4744,0.34917,0.77946,0.81653,1.26233,0.003796,0.003796,0.003796
96,26807.1,0.89275,0.90809,1.32181,0.62334,0.45221,0.46482,0.34157,0.77105,0.81469,1.26435,0.00373,0.00373,0.00373
97,27041.2,0.86911,0.90125,1.32051,0.55582,0.45762,0.50302,0.37212,0.76479,0.81271,1.25656,0.003664,0.003664,0.003664
98,27280.3,0.90801,0.92808,1.34596,0.67061,0.40607,0.47472,0.34999,0.767,0.81884,1.25451,0.003598,0.003598,0.003598
99,27512.9,0.91028,0.93285,1.34299,0.6643,0.41237,0.4525,0.33162,0.76538,0.80609,1.25724,0.003532,0.003532,0.003532
100,27745.6,0.94052,0.95794,1.33837,0.65266,0.44887,0.47749,0.35018,0.76356,0.80582,1.25437,0.003466,0.003466,0.003466
101,27980.6,0.87973,0.90044,1.31465,0.65661,0.44566,0.47609,0.35046,0.75497,0.80262,1.24522,0.0034,0.0034,0.0034
102,28223.3,0.88375,0.90634,1.32345,0.66194,0.44416,0.46715,0.34396,0.75456,0.80395,1.24185,0.003334,0.003334,0.003334
103,28457,0.89838,0.91446,1.32496,0.65411,0.45255,0.47527,0.35095,0.75336,0.79503,1.24026,0.003268,0.003268,0.003268
104,28689.9,0.89324,0.91064,1.33711,0.65499,0.44168,0.461,0.33941,0.75115,0.79943,1.23766,0.003202,0.003202,0.003202
105,28924.7,0.8816,0.91146,1.32599,0.60775,0.4393,0.47519,0.34826,0.75654,0.79703,1.24604,0.003136,0.003136,0.003136
106,29165.7,0.86161,0.87255,1.30424,0.60702,0.44559,0.47432,0.34981,0.74751,0.78308,1.23457,0.00307,0.00307,0.00307
107,29400.2,0.89663,0.89294,1.30434,0.60712,0.45059,0.48156,0.3561,0.74266,0.77887,1.23191,0.003004,0.003004,0.003004
108,29634.1,0.86333,0.86914,1.29628,0.70155,0.4352,0.4759,0.34998,0.74365,0.78137,1.23643,0.002938,0.002938,0.002938
109,29867.8,0.83975,0.8569,1.29508,0.68089,0.44461,0.47212,0.34903,0.743,0.77479,1.23163,0.002872,0.002872,0.002872
110,30108.3,0.88901,0.85557,1.30255,0.66575,0.44865,0.47228,0.34845,0.74236,0.77559,1.22963,0.002806,0.002806,0.002806
111,30343.3,0.90944,0.90939,1.32341,0.67073,0.44012,0.47784,0.35233,0.73945,0.77683,1.23003,0.00274,0.00274,0.00274
112,30575.6,0.88003,0.86802,1.30412,0.65796,0.44905,0.48359,0.3578,0.73462,0.77203,1.22081,0.002674,0.002674,0.002674
113,30807.8,0.8909,0.86698,1.30587,0.69228,0.441,0.47837,0.35266,0.73312,0.76731,1.21866,0.002608,0.002608,0.002608
114,31047.2,0.85213,0.84721,1.27291,0.66177,0.46151,0.4863,0.36114,0.73068,0.75861,1.21828,0.002542,0.002542,0.002542
115,31285.5,0.84969,0.82177,1.27547,0.66922,0.45638,0.48072,0.35532,0.73148,0.7537,1.21868,0.002476,0.002476,0.002476
116,31518.5,0.84799,0.82683,1.27447,0.66697,0.46239,0.48516,0.35898,0.7276,0.7503,1.22116,0.00241,0.00241,0.00241
117,31750.4,0.84154,0.81951,1.28216,0.60358,0.45003,0.47405,0.35228,0.72418,0.75304,1.21706,0.002344,0.002344,0.002344
118,31983.3,0.84268,0.8248,1.28989,0.55207,0.45925,0.47752,0.35525,0.72321,0.75859,1.21543,0.002278,0.002278,0.002278
119,32215.8,0.86024,0.82584,1.30209,0.69343,0.44409,0.49285,0.36672,0.72101,0.75527,1.21015,0.002212,0.002212,0.002212
120,32447.9,0.86955,0.86628,1.29417,0.67641,0.44643,0.4819,0.35827,0.71916,0.75575,1.20666,0.002146,0.002146,0.002146
121,32680.2,0.8555,0.83613,1.28055,0.67077,0.4495,0.50178,0.37362,0.7168,0.75145,1.20665,0.00208,0.00208,0.00208
122,32912.8,0.83814,0.8222,1.2809,0.66381,0.45619,0.5045,0.37531,0.71815,0.74525,1.20839,0.002014,0.002014,0.002014
123,33145.2,0.84896,0.82648,1.2786,0.68322,0.44967,0.49452,0.36804,0.71501,0.73782,1.20665,0.001948,0.001948,0.001948
124,33377.5,0.8327,0.80633,1.27376,0.69851,0.43822,0.48442,0.3605,0.71376,0.73734,1.20667,0.001882,0.001882,0.001882
125,33609.5,0.8231,0.81244,1.26042,0.68536,0.45172,0.48705,0.36206,0.71532,0.73958,1.20647,0.001816,0.001816,0.001816
126,33842,0.8383,0.82055,1.27796,0.67291,0.44762,0.48302,0.35929,0.71505,0.73591,1.20617,0.00175,0.00175,0.00175
127,34074.3,0.82356,0.80997,1.25523,0.6798,0.45055,0.49116,0.36538,0.71252,0.73049,1.20558,0.001684,0.001684,0.001684
128,34306.2,0.81694,0.7908,1.26091,0.67093,0.45555,0.49034,0.36452,0.71222,0.72824,1.20599,0.001618,0.001618,0.001618
129,34538.7,0.83671,0.79266,1.25585,0.68427,0.44557,0.48757,0.36272,0.71199,0.73113,1.20453,0.001552,0.001552,0.001552
130,34773.8,0.81482,0.80872,1.25264,0.66699,0.44951,0.48467,0.36089,0.71175,0.73501,1.20585,0.001486,0.001486,0.001486
131,35006.5,0.80836,0.77655,1.2757,0.66856,0.45378,0.48861,0.36473,0.70478,0.7306,1.19653,0.00142,0.00142,0.00142
132,35238.6,0.81404,0.79937,1.26159,0.7107,0.43121,0.48681,0.36331,0.70646,0.72878,1.19892,0.001354,0.001354,0.001354
133,35471.1,0.79056,0.76752,1.24876,0.70234,0.43754,0.48709,0.36383,0.70227,0.72641,1.19291,0.001288,0.001288,0.001288
134,35706.5,0.80476,0.79749,1.26108,0.70159,0.4375,0.48569,0.36195,0.70422,0.72507,1.19461,0.001222,0.001222,0.001222
135,35939.8,0.7997,0.76756,1.2516,0.64356,0.43941,0.48506,0.36136,0.7053,0.72504,1.19705,0.001156,0.001156,0.001156
136,36172.1,0.82454,0.79501,1.26923,0.70878,0.43683,0.49598,0.36985,0.70577,0.7268,1.19933,0.00109,0.00109,0.00109
137,36405,0.8271,0.77691,1.25613,0.66895,0.44967,0.49254,0.36683,0.70248,0.72473,1.19465,0.001024,0.001024,0.001024
138,36640.2,0.80171,0.78635,1.24068,0.68782,0.44408,0.49503,0.36901,0.69933,0.72326,1.19134,0.000958,0.000958,0.000958
139,36872.5,0.81754,0.78169,1.25383,0.66767,0.45279,0.49043,0.36606,0.69902,0.72351,1.19064,0.000892,0.000892,0.000892
140,37105.1,0.80605,0.78796,1.25289,0.69694,0.43679,0.49114,0.367,0.69608,0.71936,1.18851,0.000826,0.000826,0.000826
141,37340.2,0.7404,0.66373,1.18754,0.70905,0.42909,0.48677,0.36437,0.69458,0.72078,1.18776,0.00076,0.00076,0.00076
142,37576.6,0.69885,0.61,1.13941,0.72292,0.42781,0.4894,0.36669,0.69272,0.71543,1.18577,0.000694,0.000694,0.000694
143,37809,0.69024,0.6032,1.13882,0.69984,0.43721,0.49111,0.36792,0.69095,0.71171,1.18562,0.000628,0.000628,0.000628
144,38041.2,0.67991,0.58484,1.1385,0.6986,0.43905,0.49277,0.36912,0.69038,0.71055,1.18586,0.000562,0.000562,0.000562
145,38273.8,0.66923,0.58048,1.14014,0.72042,0.42856,0.49192,0.36826,0.68799,0.70854,1.18469,0.000496,0.000496,0.000496
146,38506.9,0.65285,0.56858,1.12262,0.71549,0.4304,0.49477,0.37129,0.68497,0.7045,1.1828,0.00043,0.00043,0.00043
147,38739.2,0.65659,0.58149,1.1439,0.70625,0.43596,0.50108,0.37603,0.68367,0.70189,1.18094,0.000364,0.000364,0.000364
148,38971.7,0.68828,0.56702,1.12704,0.71143,0.43724,0.50195,0.37707,0.68184,0.70022,1.17997,0.000298,0.000298,0.000298
149,39204.1,0.67105,0.57997,1.14147,0.71201,0.43536,0.50131,0.37649,0.68014,0.6993,1.17817,0.000232,0.000232,0.000232
150,39436.6,0.6559,0.566,1.12699,0.71805,0.43382,0.50109,0.37656,0.67854,0.69875,1.17678,0.000166,0.000166,0.000166
